claim_id,status,claim,source_artifact,source_selector
cohort,allowed,"942 clean men's ODIs / 1,884 paired innings (871 development; 71 untouched 2024 validation).",artifacts/ssac27_tradeoff/analysis_manifest.json,cohort and split counts
exchange_rate,allowed_associational,"At 47 runs and 1→2 wickets, 3 of 18 contexts have finite roots: 14.143 (4.124–18.450; 735/1,000), 13.248 (4.713–17.481; 758/1,000), and 29.763 (13.844–30.934; 563/1,000); 15 are undefined, not zero.",artifacts/ssac27_tradeoff/primary_model_metrics.json,primary_defined_roots
validation,allowed_associational,"2024 six-term primary ROC-AUC 0.6626, log loss 0.6726; additive 0.6737 / 0.6650; four-term 0.6784 / 0.6669. The primary did not improve AUC or log loss.",artifacts/ssac27_tradeoff/validation_metrics.json,three frozen model metrics
paired_context,allowed_with_caveat,"45 paired comparisons / 90 status rows; only two point root differences, neither with a valid paired CI under the 80% joint-refit rule.",artifacts/ssac27_tradeoff/paired_context_differences.json,paired root-difference statuses
neutral_fixed_run,allowed_associational,"At neutral Elo and median earlier-date venue scoring, 47 runs and 1→2 wickets: batting first 0.5046→0.3995 (−10.505 points; interval −15.473 to −7.215), chase 0.5578→0.4009 (−15.690; −20.614 to −12.698).",artifacts/ssac27_tradeoff/context_exchange_rates.json,"primary_1_to_2; elo_state=2; venue_state=2; innings=1,0"
neutral_paired,allowed_with_caveat,"Neutral first-minus-chase wicket-loss probability contrast +5.185 percentage points (paired interval −0.457 to +11.182); interval includes zero, so no established innings-order difference.",artifacts/ssac27_tradeoff/paired_context_differences.json,innings; fixed_run_probability_difference; elo_state=2; venue_state=2
bootstrap_qa,allowed,"Independent statistical QA passed; 1,000/1,000 development match refits and 2,000/2,000 validation match resamples per model, with no 2025+ outcome records read.",artifacts/ssac27_tradeoff/statistical_qa.json,pass; development_bootstrap; validation_bootstrap_counts_reconcile; locked_rows_read
locked_period,allowed_with_caveat,"152 2025+ registry IDs were counted from metadata only; no such match records or outcomes opened, fit or scored.",artifacts/ssac27_tradeoff/statistical_qa.json,raw_manifest.locked_registry_match_count_metadata_only; locked_rows_read
locked_outcome_result,blocked,Any 2025+ match-outcome result or locked-test score is prohibited.,artifacts/ssac27_tradeoff/statistical_qa.json,locked_data_audit_scored; locked_rows_read
pitch,blocked,Pitch–outcome results are blocked: pitch is excluded; model-estimated pre-match expected playing environment is unapproved for outcome analysis.,docs/ssac27_numeric_handoff.md,claim boundary
historical_pitch,historical_only,"Historical source-stated pre-match pitch effects are a separate re-audited derivative, not this model's pitch interaction.",docs/ssac27_numeric_handoff.md,claim boundary
